<?xml version="1.0" encoding="UTF-8"?>
<project-private xmlns="http://www.netbeans.org/ns/project-private/1">
    <editor-bookmarks xmlns="http://www.netbeans.org/ns/editor-bookmarks/2" lastBookmarkId="0"/>
    <open-files xmlns="http://www.netbeans.org/ns/projectui-open-files/2">
        <group>
            <file>file:/D:/workspace3/Interpol/src/interfaz/DialogoMostrarArbol.java</file>
            <file>file:/D:/workspace3/Interpol/src/interfaz/DialogoDestinos.java</file>
            <file>file:/D:/workspace3/Interpol/src/interfaz/DialogoSospechoso.java</file>
            <file>file:/D:/workspace3/Interpol/src/interfaz/DialogoRecorrido.java</file>
            <file>file:/D:/workspace3/Interpol/src/interfaz/DialogoPistas.java</file>
        </group>
    </open-files>
</project-private>
